<?xml version="1.0" encoding="UTF-8"?>
<project-private xmlns="http://www.netbeans.org/ns/project-private/1">
    <editor-bookmarks xmlns="http://www.netbeans.org/ns/editor-bookmarks/2" lastBookmarkId="0"/>
    <open-files xmlns="http://www.netbeans.org/ns/projectui-open-files/2">
        <group>
            <file>file:/E:/UIA/PROGRA%20III/Semana%203/UIA_Times/public_html/Articulos/Articulo1.html</file>
            <file>file:/E:/UIA/PROGRA%20III/Semana%203/UIA_Times/public_html/PáginaPrincipal.html</file>
            <file>file:/E:/UIA/PROGRA%20III/Semana%203/UIA_Times/public_html/Articulos/Articulo2.html</file>
            <file>file:/E:/UIA/PROGRA%20III/Semana%203/UIA_Times/public_html/Articulos/Articulo3.html</file>
        </group>
    </open-files>
</project-private>
